track_id,acousticness,danceability,duration_ms,energy,instrumentalness,liveness,loudness,mode_feat,speechiness,tempo,valence,time_signature_1.0,time_signature_3.0,time_signature_4.0,time_signature_5.0,key_0.0,key_1.0,key_2.0,key_3.0,key_4.0,key_5.0,key_6.0,key_7.0,key_8.0,key_9.0,key_10.0,key_11.0
0171XsIM2xyeXRr6wsugEI,0.0358,0.717,171333,0.55,0.00196,0.126,-6.019,0,0.0521,96.976,0.332,0,0,1,0,0,0,0,0,0,0,0,0,0,0,1,0
2jSwKQBouf0brIcxGfA9CZ,0.269,0.72,200013,0.861,5.11E-06,0.601,-4.339,1,0.209,126.991,0.669,0,0,1,0,0,0,0,0,0,0,0,0,0,0,0,1
3wAX3qn53iQUFE84hpfeen,0.665,0.409,256800,0.264,0.00016,0.102,-16.273,1,0.0363,137.16,0.355,0,0,1,0,0,0,0,0,1,0,0,0,0,0,0,0
1LZSLMw7OXJULj75J7ko3q,9.70E-05,0.607,214373,0.766,0.000288,0.635,-7.558,1,0.0383,125.076,0.453,0,0,1,0,0,0,0,0,0,0,0,1,0,0,0,0
0tihGB0FIaNco6mRqI8nqI,0.00139,0.61,175067,0.923,5.30E-05,0.0985,-4.654,1,0.0567,116,0.607,0,0,1,0,1,0,0,0,0,0,0,0,0,0,0,0
6GdbwI8ytDROXDv1G7p34o,0.000486,0.296,262747,0.789,0.115,0.099,-5.813,1,0.0524,162.75,0.233,0,0,1,0,0,0,0,0,0,0,0,0,0,1,0,0
35j3CjgBRoqLp8LsAKsQF4,0.00975,0.8,388947,0.821,0.0838,0.297,-5.962,0,0.224,128.013,0.417,0,0,1,0,0,0,0,0,0,0,0,1,0,0,0,0