,track_id,danceability,energy,key,loudness,mode,speechiness,acousticness,instrumentalness,liveness,valence,tempo,duration_ms,time_signature
0,0171XsIM2xyeXRr6wsugEI,0.717,0.55,10,-6.019,0,0.0521,0.0358,0.00196,0.126,0.332,96.976,171333,4
1,2jSwKQBouf0brIcxGfA9CZ,0.72,0.861,11,-4.339,1,0.209,0.269,5.11e-06,0.601,0.669,126.991,200013,4
2,3wAX3qn53iQUFE84hpfeen,0.409,0.264,4,-16.273,1,0.0363,0.665,0.00016,0.102,0.355,137.16,256800,4
3,1LZSLMw7OXJULj75J7ko3q,0.607,0.766,7,-7.558,1,0.0383,9.7e-05,0.000288,0.635,0.453,125.076,214373,4
4,0tihGB0FIaNco6mRqI8nqI,0.61,0.923,0,-4.654,1,0.0567,0.00139,5.3e-05,0.0985,0.607,116.0,175067,4
5,6GdbwI8ytDROXDv1G7p34o,0.296,0.789,9,-5.813,1,0.0524,0.000486,0.115,0.099,0.233,162.75,262747,4
6,35j3CjgBRoqLp8LsAKsQF4,0.8,0.821,7,-5.962,0,0.224,0.00975,0.0838,0.297,0.417,128.013,388947,4
